<?xml version="1.0" encoding="UTF-8"?>
<!DOCTYPE suite SYSTEM "https://testng.org/testng-1.0.dtd">
<suite name="Suite">
  <test thread-count="5" name="Test">
    <classes>
      <class name="com.assignment.restassured.UiBank.CreateAccountSavings"/>
      <class name="com.assignment.restassured.UiBank.ProfileDetails"/>
      <class name="com.assignment.restassured.UiBank.AccountDetails"/>
      <class name="com.assignment.restassured.UiBank.LoginUiBank"/>
    </classes>
  </test> <!-- Test -->
</suite> <!-- Suite -->
